{
  "styles": [
    {
      "styleName": "𝔗𝔒ℌℑ𝔇-𝔎ℌ𝔄𝔑",
      "A": "𝔄", "B": "𝔅", "C": "ℭ", "D": "𝔇", "E": "𝔈", "F": "𝔉", "G": "𝔊",
      "H": "ℌ", "I": "ℑ", "J": "𝔍", "K": "𝔎", "L": "𝔏", "M": "𝔐", "N": "𝔑",
      "O": "𝔒", "P": "𝔓", "Q": "𝔔", "R": "ℜ", "S": "𝔖", "T": "𝔗", "U": "𝔘",
      "V": "𝔙", "W": "𝔚", "X": "𝔛", "Y": "𝔜", "Z": "ℨ",
      "a": "𝔞", "b": "𝔟", "c": "𝔠", "d": "𝔡", "e": "𝔢", "f": "𝔣", "g": "𝔤",
      "h": "𝔥", "i": "𝔦", "j": "𝔧", "k": "𝔨", "l": "𝔩", "m": "𝔪", "n": "𝔫",
      "o": "𝔬", "p": "𝔭", "q": "𝔮", "r": "𝔯", "s": "𝔰", "t": "𝔱", "u": "𝔲",
      "v": "𝔳", "w": "𝔴", "x": "𝔵", "y": "𝔶", "z": "𝔷",
      "-": "-", " ": " "
    },
    {
      "styleName": "𝕿𝕺𝕳𝕴𝕯-𝕶𝕳𝕬𝕹",
      "A": "𝕬", "B": "𝕭", "C": "𝕮", "D": "𝕯", "E": "𝕰", "F": "𝕱", "G": "𝕲",
      "H": "𝕳", "I": "𝕴", "J": "𝕵", "K": "𝕶", "L": "𝕷", "M": "𝕸", "N": "𝕹",
      "O": "𝕺", "P": "𝕻", "Q": "𝕼", "R": "𝕽", "S": "𝕾", "T": "𝕿", "U": "𝖀",
      "V": "𝖁", "W": "𝖂", "X": "𝖃", "Y": "𝖄", "Z": "𝖅",
      "a": "𝖆", "b": "𝖇", "c": "𝖈", "d": "𝖉", "e": "𝖊", "f": "𝖋", "g": "𝖌",
      "h": "𝖍", "i": "𝖎", "j": "𝖏", "k": "𝖐", "l": "𝖑", "m": "𝖒", "n": "𝖓",
      "o": "𝖔", "p": "𝖕", "q": "𝖖", "r": "𝖗", "s": "𝖘", "t": "𝖙", "u": "𝖚",
      "v": "𝖛", "w": "𝖜", "x": "𝖝", "y": "𝖞", "z": "𝖟",
      "-": "-", " ": " "
    },
    {
      "styleName": "t๏ђเᗪ-мᗪൠ",
      "A": "ย", "B": "💙", "C": "☹", "D": "ᗪ", "E": "є", "F": "ƒ", "G": "g",
      "H": "ђ", "I": "เ", "J": "ן", "K": "к", "L": "ย", "M": "м", "N": "и",
      "O": "๏", "P": "ק", "Q": "ợ", "R": "г", "S": "ร", "T": "t", "U": "ย",
      "V": "v", "W": "ω", "X": "א", "Y": "ย", "Z": "z",
      "a": "ค", "b": "๒", "c": "ς", "d": "d", "e": "є", "f": "ƒ", "g": "g",
      "h": "ђ", "i": "เ", "j": "ן", "k": "к", "l": "l", "m": "๓", "n": "ภ",
      "o": "๏", "p": "ק", "q": "ợ", "r": "г", "s": "ร", "t": "t", "u": "ย",
      "v": "v", "w": "ω", "x": "א", "y": "ย", "z": "z",
      "-": "-", " ": " "
    },
    {
      "styleName": "𝓣𝓞𝓗𝓘𝓓-𝓜𝓓",
      "A": "𝓐", "B": "𝓑", "C": "𝓒", "D": "𝓓", "E": "𝓔", "F": "𝓕", "G": "𝓖",
      "H": "𝓗", "I": "𝓘", "J": "𝓙", "K": "𝓚", "L": "𝓛", "M": "𝓜", "N": "𝓝",
      "O": "𝓞", "P": "𝓟", "Q": "𝓠", "R": "𝓡", "S": "𝓢", "T": "𝓣", "U": "𝓤",
      "V": "𝓥", "W": "𝓦", "X": "𝓧", "Y": "𝓨", "Z": "𝓩",
      "a": "𝓪", "b": "𝓫", "c": "𝓬", "d": "𝓭", "e": "𝓮", "f": "𝓯", "g": "𝓰",
      "h": "𝓱", "i": "𝓲", "j": "𝓳", "k": "𝓴", "l": "𝓵", "m": "𝓶", "n": "𝓷",
      "o": "𝓸", "p": "𝓹", "q": "𝓺", "r": "𝓻", "s": "𝓼", "t": "𝓽", "u": "𝓾",
      "v": "𝓿", "w": "𝔀", "x": "𝔁", "y": "𝔂", "z": "𝔃",
      "-": "-", " ": " "
    },
    {
      "styleName": "𝓣𝓞𝓗𝓘𝓓-𝑀𝒟",
      "A": "𝒜", "B": "𝐵", "C": "𝒞", "D": "𝒟", "E": "𝐸", "F": "𝐹", "G": "𝒢",
      "H": "𝐻", "I": "𝐼", "J": "𝒥", "K": "𝒦", "L": "𝐿", "M": "𝑀", "N": "𝒩",
      "O": "𝒪", "P": "𝒫", "Q": "𝒬", "R": "𝑅", "S": "𝒮", "T": "𝒯", "U": "𝒰",
      "V": "𝒱", "W": "𝒲", "X": "𝒳", "Y": "𝒴", "Z": "𝒵",
      "a": "𝒶", "b": "𝒷", "c": "𝒸", "d": "𝒹", "e": "𝑒", "f": "𝒻", "g": "𝑔",
      "h": "𝒽", "i": "𝒾", "j": "𝒿", "k": "𝓀", "l": "𝓁", "m": "𝓂", "n": "𝓃",
      "o": "𝑜", "p": "𝓅", "q": "𝓆", "r": "𝓇", "s": "𝓈", "t": "𝓉", "u": "𝓊",
      "v": "𝓋", "w": "𝓌", "x": "𝓍", "y": "𝓎", "z": "𝓏",
      "-": "-", " ": " "
    },
    {
      "styleName": "𝕋𝕆ℍ𝕀𝔻-𝕄𝔻",
      "A": "𝕌", "B": "𝕃", "C": "𝕋", "D": "ℝ", "E": "𝔸", "F": "𝕄", "G": "𝔻",
      "H": "𝕄", "I": "𝔻", "J": "ℍ", "K": "𝕃", "L": "𝕋", "M": "𝕌", "N": "𝕍",
      "O": "𝕎", "P": "𝕏", "Q": "𝕐", "R": "ℤ",
      "a": "𝕒", "b": "𝕓", "c": "𝕔", "d": "𝕕", "e": "𝕖", "f": "𝕗", "g": "𝕘",
      "h": "𝕙", "i": "𝕚", "j": "𝕛", "k": "𝕜", "l": "𝕝", "m": "𝕞", "n": "𝕟",
      "o": "𝕠", "p": "𝕡", "q": "𝕢", "r": "𝕣", "s": "𝕤", "t": "𝕥", "u": "𝕦",
      "v": "𝕧", "w": "𝕨", "x": "𝕩", "y": "𝕪", "z": "𝕫",
      "-": "-", " ": " "
    },
    {
      "styleName": "𝐓𝐨𝐡𝐢𝐝-MD",
      "A": "𝐔", "B": "𝐋", "C": "𝐓", "D": "𝐑", "E": "𝐀", "F": "𝐌", "G": "𝐃",
      "H": "𝐌", "I": "𝐃", "J": "𝐇", "K": "𝐋", "L": "𝐓", "M": "𝐔", "N": "𝐕",
      "O": "𝐖", "P": "𝐗", "Q": "𝐘", "R": "𝐙",
      "a": "𝐚", "b": "𝐛", "c": "𝐜", "d": "𝐝", "e": "𝐞", "f": "𝐟", "g": "𝐠",
      "h": "𝐡", "i": "𝐢", "j": "𝐣", "k": "𝐤", "l": "𝐥", "m": "𝐦", "n": "𝐧",
      "o": "𝐨", "p": "𝐩", "q": "𝐪", "r": "𝐫", "s": "𝐬", "t": "𝐭", "u": "𝐮",
      "v": "𝐯", "w": "𝐰", "x": "𝐱", "y": "𝐲", "z": "𝐳",
      "-": "-", " ": " "
    },
    {
      "styleName": "ꪻꪮhꪖᦔ-ꪑᦔ",
      "A": "ꪖ", "B": "᥇", "C": "ᥴ", "D": "ᦔ", "E": "ꫀ", "F": "ᠻ", "G": "ᧁ",
      "H": "ᥴ", "I": "ꪖ", "J": "ᦓ", "K": "᥊", "L": "ꪶ", "M": "ꪑ", "N": "ꪀ",
      "O": "ꪮ", "P": "ρ", "Q": "ợ", "R": "᥅", "S": "ร", "T": "ꪻ", "U": "ꪊ",
      "V": "ⱴ", "W": "ฬ", "X": "᥊", "Y": "ꪗ", "Z": "ʑ",
      "a": "ꪖ", "b": "᥇", "c": "ᥴ", "d": "ᦔ", "e": "ꫀ", "f": "ᠻ", "g": "ᧁ",
      "h": "ᥴ", "i": "ꪖ", "j": "ᦓ", "k": "᥊", "l": "ꪶ", "m": "ꪑ", "n": "ꪀ",
      "o": "ꪮ", "p": "ρ", "q": "ợ", "r": "᥅", "s": "ร", "t": "ꪻ", "u": "ꪊ",
      "v": "ⱴ", "w": "ฬ", "x": "᥊", "y": "ꪗ", "z": "ʑ",
      "-": "-", " ": " "
    },
    {
      "styleName": "ᴛⷮOͦнⷩIͥDͩ- ꩇׁׅ݊ժׁׅ݊",
      "A": "ꪖ", "B": "᥇", "C": "ᥴ", "D": "ժ", "E": "ꫀ", "F": "ᠻ", "G": "ꪜ",
      "H": "ђ", "I": "เ", "J": "ꭲ", "K": "к", "L": "ᥣ", "M": "ꪑ", "N": "ภ",
      "O": "๏", "P": "ρ", "Q": "ợ", "R": "г", "S": "ร", "T": "t", "U": "ย",
      "V": "v", "W": "ω", "X": "א", "Y": "ꪗ", "Z": "z",
      "a": "ꪖ", "b": "๒", "c": "ς", "d": "d", "e": "є", "f": "ƒ", "g": "g",
      "h": "ђ", "i": "เ", "j": "ן", "k": "к", "l": "l", "m": "๓", "n": "ภ",
      "o": "๏", "p": "ק", "q": "ợ", "r": "г", "s": "ร", "t": "t", "u": "ย",
      "v": "v", "w": "ω", "x": "א", "y": "ย", "z": "z",
      "-": "-", " ": " "
    },
    {
      "styleName": "𝓣𝓞𝓗𝓘𝓓-ℳ𝓓",
      "A": "𝓤", "B": "ℬ", "C": "ℂ", "D": "𝒟", "E": "𝓔", "F": "ℱ", "G": "𝓖",
      "H": "ℋ", "I": "ℐ", "J": "𝒥", "K": "𝒦", "L": "ℒ", "M": "ℳ", "N": "𝒩",
      "O": "𝒪", "P": "𝒫", "Q": "𝒬", "R": "ℛ", "S": "𝒮", "T": "𝒯", "U": "𝓤",
      "V": "𝒱", "W": "𝒲", "X": "𝒳", "Y": "𝒴", "Z": "𝒵",
      "a": "𝓪", "b": "𝓫", "c": "𝓬", "d": "𝓭", "e": "𝓮", "f": "𝓯", "g": "𝓰",
      "h": "𝓱", "i": "𝓲", "j": "𝓳", "k": "𝓴", "l": "𝓵", "m": "𝓶", "n": "𝓷",
      "o": "𝓸", "p": "𝓹", "q": "𝓺", "r": "𝓻", "s": "𝓼", "t": "𝓽", "u": "𝓾",
      "v": "𝓿", "w": "𝔀", "x": "𝔁", "y": "𝔂", "z": "𝔃",
      "-": "-", " ": " "
    },
    {
      "styleName": "T̾̓͌O̓͋̐H͐͝I͒͝͝D̀̈́̈́-ꂵꀸ",
      "A": "ꀎ", "B": "ꀾ", "C": "ꓯ", "D": "ꀷ", "E": "ꀾ", "F": "ꁱ", "G": "ꁿ",
      "H": "ꀊ", "I": "꒻", "J": "ꀖ", "K": "ꓳ", "L": "꒒", "M": "ꋪ", "N": "ꂵ",
      "O": "ꂦ", "P": "ꁒ", "Q": "ꀗ", "R": "꒷", "S": "ꄟ", "T": "꓄", "U": "ꓥ",
      "V": "ꓜ", "W": "ꉷ", "X": "ꋢ", "Y": "ꓧ", "Z": "ꁡ",
      "a": "ꍏ", "b": "ꀘ", "c": "ꂦ", "d": "ꀸ", "e": "ꍟ", "f": "ꊰ", "g": "ꁿ",
      "h": "ꁜ", "i": "꒻", "j": "ꈜ", "k": "ꓳ", "l": "꒒", "m": "ꋪ", "n": "ꂵ",
      "o": "ꂦ", "p": "ꀘ", "q": "ꀗ", "r": "꒷", "s": "ꄟ", "t": "꓄", "u": "ꓥ",
      "v": "ꓜ", "w": "ꉷ", "x": "ꋢ", "y": "ꓧ", "z": "ꁡ",
      "-": "-", " ": " "
    },
    {
      "styleName": "𝓣𝓞𝓗𝓘𝓓-𝑀𝒟",
      "A": "𝒜", "B": "𝐵", "C": "𝐶", "D": "𝐷", "E": "𝐸", "F": "𝐹", "G": "𝐺",
      "H": "𝐻", "I": "𝐼", "J": "𝐽", "K": "𝐾", "L": "𝐿", "M": "𝑀", "N": "𝑁",
      "O": "𝑂", "P": "𝑃", "Q": "𝑄", "R": "𝑅", "S": "𝑆", "T": "𝑇", "U": "𝑈",
      "V": "𝑉", "W": "𝑊", "X": "𝑋", "Y": "𝑌", "Z": "𝑍",
      "a": "𝑎", "b": "𝑏", "c": "𝑐", "d": "𝑑", "e": "𝑒", "f": "𝑓", "g": "𝑔",
      "h": "ℎ", "i": "𝑖", "j": "𝑗", "k": "𝑘", "l": "𝑙", "m": "𝑚", "n": "𝑛",
      "o": "𝑜", "p": "𝑝", "q": "𝑞", "r": "𝑟", "s": "𝑠", "t": "𝑡", "u": "𝑢",
      "v": "𝑣", "w": "𝑤", "x": "𝑥", "y": "𝑦", "z": "𝑧",
      "-": "-", " ": " "
    },
    {
      "styleName": "ᵀᴼᴴᴵᴰ-ᴍᴅ",
      "A": "ᴬ", "B": "ᴮ", "C": "ᴲ", "D": "ᴰ", "E": "ᴱ", "F": "ᴱ", "G": "ᴳ",
      "H": "ᴴ", "I": "ᴵ", "J": "ᴶ", "K": "ᴷ", "L": "ᴸ", "M": "ᴹ", "N": "ᴺ",
      "O": "ᴼ", "P": "ᴾ", "Q": "ᵠ", "R": "ᴿ", "S": "ˢ", "T": "ᵀ", "U": "ᵁ",
      "V": "ᵛ", "W": "ʷ", "X": "ˣ", "Y": "ʸ", "Z": "ᶻ",
      "a": "ᵃ", "b": "ᵇ", "c": "ᶜ", "d": "ᵈ", "e": "ᵉ", "f": "𝑓", "g": "ᵍ",
      "h": "ʜ", "i": "ᴵ", "j": "ʲ", "k": "𝑘", "l": "𝑙", "m": "𝑚", "n": "𝑛",
      "o": "𝑜", "p": "𝑝", "q": "𝑞", "r": "𝑟", "s": "𝑠", "t": "𝑡", "u": "𝑢",
      "v": "𝑣", "w": "𝑤", "x": "𝑥", "y": "𝑦", "z": "𝑧",
      "-": "-", " ": " "
    },
    {
      "styleName": "T̢̼͇O͖͙͕H͚̫͓I̡̝̦D̺̞̺-ɯp",
      "A": "ɐ", "B": "q", "C": "ɔ", "D": "p", "E": "ǝ", "F": "ɟ", "G": "ƃ",
      "H": "ɥ", "I": "ᴉ", "J": "ɾ", "K": "ʞ", "L": "l", "M": "ɯ", "N": "u",
      "O": "o", "P": "d", "Q": "b", "R": "ɹ", "S": "s", "T": "ʇ", "U": "ʍ",
      "V": "ʌ", "W": "ʍ", "X": "x", "Y": "ʎ", "Z": "z",
      "a": "ɐ", "b": "q", "c": "ɔ", "d": "p", "e": "ǝ", "f": "ɟ", "g": "ƃ",
      "h": "ɥ", "i": "ᴉ", "j": "ɾ", "k": "ʞ", "l": "l", "m": "ɯ", "n": "u",
      "o": "o", "p": "d", "q": "b", "r": "ɹ", "s": "s", "t": "ʇ", "u": "ʍ",
      "v": "ʌ", "w": "ʍ", "x": "x", "y": "ʎ", "z": "z",
      "-": "-", " ": " "
    },
    {
      "styleName": "T̢̼͇O͖͙͕H͚̫͓I̡̝̦D̺̞̺-𝑀ᗞ",
      "A": "⅁", "B": "ᗷ", "C": "ℭ", "D": "ᗞ", "E": "ℰ", "F": "ℱ", "G": "𝒢",
      "H": "ℋ", "I": "ⅈ", "J": "𝒥", "K": "𝒦", "L": "𝒫", "M": "𝑀", "N": "𝒩",
      "O": "𝒪", "P": "𝒫", "Q": "𝒬", "R": "ℝ", "S": "𝒮", "T": "𝒯", "U": "𝒰",
      "V": "𝒱", "W": "𝒲", "X": "𝒳", "Y": "𝒴", "Z": "𝒵",
      "a": "𝒶", "b": "𝒷", "c": "𝒸", "d": "𝒹", "e": "𝒻", "f": "𝒻", "g": "𝑔",
      "h": "𝒽", "i": "𝒾", "j": "𝒿", "k": "𝓀", "l": "𝓁", "m": "𝓂", "n": "𝓃",
      "o": "𝑜", "p": "𝓅", "q": "𝓆", "r": "𝓇", "s": "𝓈", "t": "𝓉", "u": "𝓊",
      "v": "𝓋", "w": "𝓌", "x": "𝓍", "y": "𝓎", "z": "𝓏",
      "-": "-", " ": " "
    },
    {
      "styleName": "T⃣O⃣H⃣I⃣D⃣",
      "A": "A⃣", "B": "B⃣", "C": "C⃣", "D": "D⃣", "E": "E⃣", "F": "F⃣", "G": "G⃣",
      "H": "H⃣", "I": "I⃣", "J": "J⃣", "K": "K⃣", "L": "L⃣", "M": "M⃣", "N": "N⃣",
      "O": "O⃣", "P": "P⃣", "Q": "Q⃣", "R": "R⃣", "S": "S⃣", "T": "T⃣", "U": "U⃣",
      "V": "V⃣", "W": "W⃣", "X": "X⃣", "Y": "Y⃣", "Z": "Z⃣",
      "a": "a⃣", "b": "b⃣", "c": "c⃣", "d": "d⃣", "e": "e⃣", "f": "f⃣", "g": "g⃣",
      "h": "h⃣", "i": "i⃣", "j": "j⃣", "k": "k⃣", "l": "l⃣", "m": "m⃣", "n": "n⃣",
      "o": "o⃣", "p": "p⃣", "q": "q⃣", "r": "r⃣", "s": "s⃣", "t": "t⃣", "u": "u⃣",
      "v": "v⃣", "w": "w⃣", "x": "x⃣", "y": "y⃣", "z": "z⃣",
      "-": "-", " ": " "
    },
    {
      "styleName": "🇦🇧🇨🇽🇾🇿",
      "A": "🇦", "B": "🇧", "C": "🇨", "D": "🇩", "E": "🇪", "F": "🇫", "G": "🇬",
      "H": "🇭", "I": "🇮", "J": "🇯", "K": "🇰", "L": "🇱", "M": "🇲", "N": "🇳",
      "O": "🇴", "P": "🇵", "Q": "🇶", "R": "🇷", "S": "🇸", "T": "🇹", "U": "🇺",
      "V": "🇻", "W": "🇼", "X": "🇽", "Y": "🇾", "Z": "🇿",
      "a": "🇦", "b": "🇧", "c": "🇨", "d": "🇩", "e": "🇪", "f": "🇫", "g": "🇬",
      "h": "🇭", "i": "🇮", "j": "🇯", "k": "🇰", "l": "🇱", "m": "🇲", "n": "🇳",
      "o": "🇴", "p": "🇵", "q": "🇶", "r": "🇷", "s": "🇸", "t": "🇹", "u": "🇺",
      "v": "🇻", "w": "🇼", "x": "🇽", "y": "🇾", "z": "🇿",
      "-": "-", " ": " "
    },
    {
      "styleName": "A⃞  B⃞  C⃞  X⃞  Y⃞  Z⃞",
      "A": "A⃞", "B": "B⃞", "C": "C⃞", "D": "D⃞", "E": "E⃞", "F": "F⃞", "G": "G⃞",
      "H": "H⃞", "I": "I⃞", "J": "J⃞", "K": "K⃞", "L": "L⃞", "M": "M⃞", "N": "N⃞",
      "O": "O⃞", "P": "P⃞", "Q": "Q⃞", "R": "R⃞", "S": "S⃞", "T": "T⃞", "U": "U⃞",
      "V": "V⃞", "W": "W⃞", "X": "X⃞", "Y": "Y⃞", "Z": "Z⃞",
      "a": "a⃞", "b": "b⃞", "c": "c⃞", "d": "d⃞", "e": "e⃞", "f": "f⃞", "g": "g⃞",
      "h": "h⃞", "i": "i⃞", "j": "j⃞", "k": "k⃞", "l": "l⃞", "m": "m⃞", "n": "n⃞",
      "o": "o⃞", "p": "p⃞", "q": "q⃞", "r": "r⃞", "s": "s⃞", "t": "t⃞", "u": "u⃞",
      "v": "v⃞", "w": "w⃞", "x": "x⃞", "y": "y⃞", "z": "z⃞",
      "-": "-", " ": " "
    },
    {
      "styleName": "🄲🅇🅈🅉",
      "A": "🄰", "B": "🄱", "C": "🄲", "D": "🄳", "E": "🄴", "F": "🄵", "G": "🄶",
      "H": "🄷", "I": "🄸", "J": "🄹", "K": "🄺", "L": "🄻", "M": "🄼", "N": "🄽",
      "O": "🄾", "P": "🄿", "Q": "🅀", "R": "🅁", "S": "🅂", "T": "🅃", "U": "🅄",
      "V": "🅅", "W": "🅆", "X": "🅇", "Y": "🅈", "Z": "🅉",
      "a": "🄰", "b": "🄱", "c": "🄲", "d": "🄳", "e": "🄴", "f": "🄵", "g": "🄶",
      "h": "🄷", "i": "🄸", "j": "🄹", "k": "🄺", "l": "🄻", "m": "🄼", "n": "🄽",
      "o": "🄾", "p": "🄿", "q": "🅀", "r": "🅁", "s": "🅂", "t": "🅃", "u": "🅄",
      "v": "🅅", "w": "🅆", "x": "🅇", "y": "🅈", "z": "🅉",
      "-": "-", " ": " "
    },
    {
      "styleName": "YXᙠ∀",
      "A": "∀", "B": "Ɓ", "C": "Ɔ", "D": "Ɗ", "E": "Ǝ", "F": "ꟻ", "G": "Ɠ",
      "H": "ꞥ", "I": "ⅈ", "J": "𝒥", "K": "𝒦", "L": "𝒫", "M": "⅃", "N": "𝑁",
      "O": "O", "P": "ꟼ", "Q": "Q", "R": "Я", "S": "Ƨ", "T": "⊥", "U": "ꟹ",
      "V": "Ꞝ", "W": "𝒲", "X": "𝒳", "Y": "Y", "Z": "ℤ",
      "a": "ɐ", "b": "q", "c": "ɔ", "d": "p", "e": "ǝ", "f": "ƃ", "g": "ƃ",
      "h": "ɥ", "i": "ᴉ", "j": "ɾ", "k": "ʞ", "l": "𝑙", "m": "ʍ", "n": "u",
      "o": "o", "p": "p", "q": "q", "r": "ɹ", "s": "s", "t": "ʇ", "u": "n",
      "v": "ʌ", "w": "ʍ", "x": "x", "y": "ʎ", "z": "z",
      "-": "-", " ": " "
    },
    {
      "styleName": "ƸYXWᗡᙠA",
      "A": "Ƹ", "B": "Y", "C": "X", "D": "W", "E": "V", "F": "U", "G": "T",
      "H": "Ꙅ", "I": "Я", "J": "Ọ", "K": "ꟼ", "L": "OͶ", "M": "M", "N": "⅃",
      "O": "⋊", "P": "Ⴑ", "Q": "I", "R": "H", "S": "Ꭾ", "T": "ꟻ", "U": "Ǝ",
      "V": "ᗡ", "W": "Ɔ", "X": "ᙠ", "Y": "A",
      "a": "Ƹ", "b": "y", "c": "x", "d": "w", "e": "v", "f": "u", "g": "t",
      "h": "Ꙅ", "i": "я", "j": "ọ", "k": "ꟼ", "l": "oͶ", "m": "m", "n": "⅃",
      "o": "⋊", "p": "Ⴑ", "q": "i", "r": "h", "s": "Ꭾ", "t": "ꟻ", "u": "Ǝ",
      "v": "ᗡ", "w": "Ɔ", "x": "ᙠ", "y": "a",
      "-": "-", " ": " "
    },
    {
      "styleName": "ƹʏxɔdɒ",
      "A": "ƹ", "B": "ʏ", "C": "x", "D": "w", "E": "v", "F": "u", "G": "ƚ",
      "H": "ꙅ", "I": "ɿ", "J": "p", "K": "q", "L": "o", "M": "ᴎ", "N": "m",
      "O": "|", "P": "ʞ", "Q": "ꞁ", "R": "i", "S": "ʜ", "T": "ǫ", "U": "Ꮈ",
      "V": "ɘ", "W": "b", "X": "ɔ", "Y": "d", "Z": "ɒ",
      "a": "ƹ", "b": "ʏ", "c": "x", "d": "w", "e": "v", "f": "u", "g": "ƚ",
      "h": "ꙅ", "i": "ɿ", "j": "p", "k": "q", "l": "o", "m": "ᴎ", "n": "m",
      "o": "|", "p": "ʞ", "q": "ꞁ", "r": "i", "s": "ʜ", "t": "ǫ", "u": "Ꮈ",
      "v": "ɘ", "w": "b", "x": "ɔ", "y": "d", "z": "ɒ",
      "-": "-", " ": " "
    },
    {
      "styleName": "🆇🆈🆉",
      "A": "🅰", "B": "🅱", "C": "🅲", "D": "🅳", "E": "🅴", "F": "🅵", "G": "🅶",
      "H": "🅷", "I": "🅸", "J": "🅹", "K": "🅺", "L": "🅻", "M": "🅼", "N": "🅽",
      "O": "🅾", "P": "🅿", "Q": "🆀", "R": "🆁", "S": "🆂", "T": "🆃", "U": "🆄",
      "V": "🆅", "W": "🆆", "X": "🆇", "Y": "🆈", "Z": "🆉",
      "a": "🅰", "b": "🅱", "c": "🅲", "d": "🅳", "e": "🅴", "f": "🅵", "g": "🅶",
      "h": "🅷", "i": "🅸", "j": "🅹", "k": "🅺", "l": "🅻", "m": "🅼", "n": "🅽",
      "o": "🅾", "p": "🅿", "q": "🆀", "r": "🆁", "s": "🆂", "t": "🆃", "u": "🆄",
      "v": "🆅", "w": "🆆", "x": "🆇", "y": "🆈", "z": "🆉",
      "-": "-", " ": " "
    },
    {
      "styleName": "ₐBCₓYZ",
      "A": "ₐ", "B": "B", "C": "C", "D": "D", "E": "ₑ", "F": "F", "G": "G",
      "H": "ₕ", "I": "ᵢ", "J": "ⱼ", "K": "ₖ", "L": "ₗ", "M": "ₘ", "N": "ₙ",
      "O": "ₒ", "P": "ₚ", "Q": "Q", "R": "ᵣ", "S": "ₛ", "T": "ₜ", "U": "ᵤ",
      "V": "ᵥ", "W": "W", "X": "ₓ", "Y": "Y", "Z": "Z",
      "a": "ₐ", "b": "b", "c": "c", "d": "d", "e": "ₑ", "f": "f", "g": "g",
      "h": "ₕ", "i": "ᵢ", "j": "ⱼ", "k": "ₖ", "l": "ₗ", "m": "ₘ", "n": "ₙ",
      "o": "ₒ", "p": "ₚ", "q": "q", "r": "r", "s": "s", "t": "t", "u": "u",
      "v": "v", "w": "w", "x": "x", "y": "y", "z": "z",
      "-": "-", " ": " "
    },
    {
      "styleName": "ₐbcₓyz",
      "A": "ₐ", "B": "b", "C": "c", "D": "d", "E": "ₑ", "F": "f", "G": "g",
      "H": "ₕ", "I": "ᵢ", "J": "ⱼ", "K": "ₖ", "L": "ₗ", "M": "ₘ", "N": "ₙ",
      "O": "ₒ", "P": "ₚ", "Q": "q", "R": "r", "S": "s", "T": "t", "U": "u",
      "V": "v", "W": "w", "X": "x", "Y": "y", "Z": "z",
      "a": "ₐ", "b": "b", "c": "c", "d": "d", "e": "ₑ", "f": "f", "g": "g",
      "h": "ₕ", "i": "ᵢ", "j": "ⱼ", "k": "ₖ", "l": "ₗ", "m": "ₘ", "n": "ₙ",
      "o": "ₒ", "p": "ₚ", "q": "q", "r": "r", "s": "s", "t": "t", "u": "u",
      "v": "v", "w": "w", "x": "x", "y": "y", "z": "z",
      "-": "-", " ": " "
    },
    {
      "styleName": "ᴬᴮˣʸᶻ",
      "A": "ᴬ", "B": "ᴮ", "C": "ᶜ", "D": "ᴰ", "E": "ᴱ", "F": "ᶠ", "G": "ᴳ",
      "H": "ᴴ", "I": "ᴵ", "J": "ᴶ", "K": "ᴷ", "L": "ᴸ", "M": "ᴹ", "N": "ᴺ",
      "O": "ᴼ", "P": "ᴾ", "Q": "Q", "R": "ᴿ", "S": "ˢ", "T": "ᵀ", "U": "ᵁ",
      "V": "ⱽ", "W": "ᵂ", "X": "ˣ", "Y": "ʸ", "Z": "ᶻ",
      "a": "ᴬ", "b": "ᴮ", "c": "ᶜ", "d": "ᴰ", "e": "ᴱ", "f": "ᶠ", "g": "ᴳ",
      "h": "ᴴ", "i": "ᴵ", "j": "ᴶ", "k": "ᴷ", "l": "ᴸ", "m": "ᴹ", "n": "ᴺ",
      "o": "ᴼ", "p": "ᴾ", "q": "q", "r": "r", "s": "s", "t": "t", "u": "u",
      "v": "v", "w": "w", "x": "x", "y": "y", "z": "z",
      "-": "-", " ": " "
    },
    {
      "styleName": "ᵃᵇᶜʸᶻ",
      "A": "ᵃ", "B": "ᵇ", "C": "ᶜ", "D": "ᵈ", "E": "ᵉ", "F": "ᶠ", "G": "ᵍ",
      "H": "ʰ", "I": "ⁱ", "J": "ʲ", "K": "ᵏ", "L": "ˡ", "M": "ᵐ", "N": "ⁿ",
      "O": "ᵒ", "P": "ᵖ", "Q": "q", "R": "ʳ", "S": "ˢ", "T": "ᵗ", "U": "ᵘ",
      "V": "ᵛ", "W": "ʷ", "X": "ˣ", "Y": "ʸ", "Z": "ᶻ",
      "a": "ᵃ", "b": "ᵇ", "c": "ᶜ", "d": "ᵈ", "e": "ᵉ", "f": "ᶠ", "g": "ᵍ",
      "h": "ʰ", "i": "ⁱ", "j": "ʲ", "k": "ᵏ", "l": "ˡ", "m": "ᵐ", "n": "ⁿ",
      "o": "ᵒ", "p": "ᵖ", "q": "q", "r": "ʳ", "s": "ˢ", "t": "ᵗ", "u": "ᵘ",
      "v": "ᵛ", "w": "ʷ", "x": "ˣ", "y": "ʸ", "z": "ᶻ",
      "-": "-", " ": " "
    },
    {
    "styleName": "𝐀𝐁𝐂𝐗𝐘𝐙",
    "A": "𝐀", "B": "𝐁", "C": "𝐂", "D": "𝐃", "E": "𝐄", "F": "𝐅", "G": "𝐆",
    "H": "𝐇", "I": "𝐈", "J": "𝐉", "K": "𝐊", "L": "𝐋", "M": "𝐌", "N": "𝐍",
    "O": "𝐎", "P": "𝐏", "Q": "𝐐", "R": "𝐑", "S": "𝐒", "T": "𝐓", "U": "𝐔",
    "V": "𝐕", "W": "𝐖", "X": "𝐗", "Y": "𝐘", "Z": "𝐙",
    "a": "𝐚", "b": "𝐛", "c": "𝐜", "d": "𝐝", "e": "𝐞", "f": "𝐟", "g": "𝐠",
    "h": "𝐡", "i": "𝐢", "j": "𝐣", "k": "𝐤", "l": "𝐥", "m": "𝐦", "n": "𝐧",
    "o": "𝐨", "p": "𝐩", "q": "𝐪", "r": "𝐫", "s": "𝐬", "t": "𝐭", "u": "𝐮",
    "v": "𝐯", "w": "𝐰", "x": "𝐱", "y": "𝐲", "z": "𝐳",
    "-": "-", " ": " "
  },
  {
    "styleName": "𝐚𝐛𝐜𝐱𝐲𝐳",
    "A": "𝐚", "B": "𝐛", "C": "𝐜", "D": "𝐝", "E": "𝐞", "F": "𝐟", "G": "𝐠",
    "H": "𝐡", "I": "𝐢", "J": "𝐣", "K": "𝐤", "L": "𝐥", "M": "𝐦", "N": "𝐧",
    "O": "𝐨", "P": "𝐩", "Q": "𝐪", "R": "𝐫", "S": "𝐬", "T": "𝐭", "U": "𝐮",
    "V": "𝐯", "W": "𝐰", "X": "𝐱", "Y": "𝐲", "Z": "𝐳",
    "a": "𝐚", "b": "𝐛", "c": "𝐜", "d": "𝐝", "e": "𝐞", "f": "𝐟", "g": "𝐠",
    "h": "𝐡", "i": "𝐢", "j": "𝐣", "k": "𝐤", "l": "𝐥", "m": "𝐦", "n": "𝐧",
    "o": "𝐨", "p": "𝐩", "q": "𝐪", "r": "𝐫", "s": "𝐬", "t": "𝐭", "u": "𝐮",
    "v": "𝐯", "w": "𝐰", "x": "𝐱", "y": "𝐲", "z": "𝐳",
    "-": "-", " ": " "
  },
  {
    "styleName": "𝗔𝗕𝗖𝗫Ｙ𝗭",
    "A": "𝗔", "B": "𝗕", "C": "𝗖", "D": "𝗗", "E": "𝗘", "F": "𝗙", "G": "𝗚",
    "H": "𝗛", "I": "𝗜", "J": "𝗝", "K": "𝗞", "L": "𝗟", "M": "𝗠", "N": "𝗡",
    "O": "𝗢", "P": "𝗣", "Q": "Ｑ", "R": "Ｒ", "S": "Ｓ", "T": "Ｔ", "U": "Ｕ",
    "V": "Ｖ", "W": "Ｗ", "X": "Ｘ", "Y": "Ｙ", "Z": "Ｚ",
    "a": "𝗮", "b": "𝗯", "c": "𝗰", "d": "𝗱", "e": "𝗲", "f": "𝗳", "g": "𝗴",
    "h": "𝗵", "i": "𝗶", "j": "ｊ", "k": "𝗸", "l": "𝗹", "m": "𝗺", "n": "𝗻",
    "o": "𝗼", "p": "𝗽", "q": "ｑ", "r": "ｒ", "s": "ｓ", "t": "ｔ", "u": "ｕ",
    "v": "ｖ", "w": "ｗ", "x": "ｘ", "y": "ｙ", "z": "ｚ",
    "-": "-", " ": " "
  },
  {
    "styleName": "𝗮𝗯𝗰𝘅𝘆𝘇",
    "A": "𝗮", "B": "𝗯", "C": "𝗰", "D": "𝗱", "E": "𝗲", "F": "𝗳", "G": "𝗴",
    "H": "𝗵", "I": "𝗶", "J": "ｊ", "K": "𝗸", "L": "𝗹", "M": "𝗺", "N": "𝗻",
    "O": "𝗼", "P": "𝗽", "Q": "ｑ", "R": "ｒ", "S": "ｓ", "T": "ｔ", "U": "ｕ",
    "V": "ｖ", "W": "ｗ", "X": "ｘ", "Y": "ｙ", "Z": "ｚ",
    "a": "𝗮", "b": "𝗯", "c": "𝗰", "d": "𝗱", "e": "𝗲", "f": "𝗳", "g": "𝗴",
    "h": "𝗵", "i": "𝗶", "j": "ｊ", "k": "𝗸", "l": "𝗹", "m": "𝗺", "n": "𝗻",
    "o": "𝗼", "p": "𝗽", "q": "ｑ", "r": "ｒ", "s": "ｓ", "t": "ｔ", "u": "ｕ",
    "v": "ｖ", "w": "ｗ", "x": "ｘ", "y": "ｙ", "z": "ｚ",
    "-": "-", " ": " "
  },
  {
    "styleName": "𝘈𝘉𝘊𝘟𝘠𝘡",
    "A": "𝘈", "B": "𝘉", "C": "𝘊", "D": "𝘋", "E": "𝘌", "F": "𝘍", "G": "𝘎",
    "H": "𝘏", "I": "𝘐", "J": "𝘑", "K": "𝘒", "L": "𝘓", "M": "𝘔", "N": "𝘕",
    "O": "𝘖", "P": "𝘗", "Q": "𝘘", "R": "𝘙", "S": "𝘚", "T": "𝘛", "U": "𝘜",
    "V": "𝘝", "W": "𝘞", "X": "𝘟", "Y": "𝘠", "Z": "𝘡",
    "a": "𝘢", "b": "𝘣", "c": "𝘤", "d": "𝘥", "e": "𝘦", "f": "𝘧", "g": "𝘨",
    "h": "𝘩", "i": "𝘪", "j": "𝘫", "k": "𝘬", "l": "𝘭", "m": "𝘮", "n": "𝘯",
    "o": "𝘰", "p": "𝘱", "q": "𝘲", "r": "𝘳", "s": "𝘴", "t": "𝘵", "u": "𝘶",
    "v": "𝘷", "w": "𝘸", "x": "𝘹", "y": "𝘺", "z": "𝘻",
    "-": "-", " ": " "
  },
  {
    "styleName": "【A】【B】【Y】【Z】",
    "A": "【A】", "B": "【B】", "C": "【C】", "D": "【D】", "E": "【E】", "F": "【F】", "G": "【G】",
    "H": "【H】", "I": "【I】", "J": "【J】", "K": "【K】", "L": "【L】", "M": "【M】", "N": "【N】",
    "O": "【O】", "P": "【P】", "Q": "【Q】", "R": "【R】", "S": "【S】", "T": "【T】", "U": "【U】",
    "V": "【V】", "W": "【W】", "X": "【X】", "Y": "【Y】", "Z": "【Z】",
    "a": "【a】", "b": "【b】", "c": "【c】", "d": "【d】", "e": "【e】", "f": "【f】", "g": "【g】",
    "h": "【h】", "i": "【i】", "j": "【j】", "k": "【k】", "l": "【l】", "m": "【m】", "n": "【n】",
    "o": "【o】", "p": "【p】", "q": "【q】", "r": "【r】", "s": "【s】", "t": "【t】", "u": "【u】",
    "v": "【v】", "w": "【w】", "x": "【x】", "y": "【y】", "z": "【z】",
    "-": "-", " ": " "
  },
  {
    "styleName": "『A』『B』『Y』『Z』",
    "A": "『A』", "B": "『B』", "C": "『C』", "D": "『D』", "E": "『E』", "F": "『F』", "G": "『G』",
    "H": "『H』", "I": "『I』", "J": "『J』", "K": "『K』", "L": "『L』", "M": "『M』", "N": "『N』",
    "O": "『O』", "P": "『P』", "Q": "『Q』", "R": "『R』", "S": "『S』", "T": "『T』", "U": "『U』",
    "V": "『V』", "W": "『W』", "X": "『X』", "Y": "『Y』", "Z": "『Z』",
    "a": "『a』", "b": "『b』", "c": "『c』", "d": "『d』", "e": "『e』", "f": "『f』", "g": "『g』",
    "h": "『h』", "i": "『i』", "j": "『j』", "k": "『k』", "l": "『l』", "m": "『m』", "n": "『n』",
    "o": "『o』", "p": "『p』", "q": "『q』", "r": "『r』", "s": "『s』", "t": "『t』", "u": "『u』",
    "v": "『v』", "w": "『w』", "x": "『x』", "y": "『y』", "z": "『z』",
    "-": "-", " ": " "
  },
  {
    "styleName": "≋A≋B≋Y≋Z≋",
    "A": "≋A≋", "B": "≋B≋", "C": "≋C≋", "D": "≋D≋", "E": "≋E≋", "F": "≋F≋", "G": "≋G≋",
    "H": "≋H≋", "I": "≋I≋", "J": "≋J≋", "K": "≋K≋", "L": "≋L≋", "M": "≋M≋", "N": "≋N≋",
    "O": "≋O≋", "P": "≋P≋", "Q": "≋Q≋", "R": "≋R≋", "S": "≋S≋", "T": "≋T≋", "U": "≋U≋",
    "V": "≋V≋", "W": "≋W≋", "X": "≋X≋", "Y": "≋Y≋", "Z": "≋Z≋",
    "a": "≋a≋", "b": "≋b≋", "c": "≋c≋", "d": "≋d≋", "e": "≋e≋", "f": "≋f≋", "g": "≋g≋",
    "h": "≋h≋", "i": "≋i≋", "j": "≋j≋", "k": "≋k≋", "l": "≋l≋", "m": "≋m≋", "n": "≋n≋",
    "o": "≋o≋", "p": "≋p≋", "q": "≋q≋", "r": "≋r≋", "s": "≋s≋", "t": "≋t≋", "u": "≋u≋",
    "v": "≋v≋", "w": "≋w≋", "x": "≋x≋", "y": "≋y≋", "z": "≋z≋",
    "-": "-", " ": " "
  },
  {
    "styleName": "░A░B░Y░Z░",
    "A": "░A░", "B": "░B░", "C": "░C░", "D": "░D░", "E": "░E░", "F": "░F░", "G": "░G░",
    "H": "░H░", "I": "░I░", "J": "░J░", "K": "░K░", "L": "░L░", "M": "░M░", "N": "░N░",
    "O": "░O░", "P": "░P░", "Q": "░Q░", "R": "░R░", "S": "░S░", "T": "░T░", "U": "░U░",
    "V": "░V░", "W": "░W░", "X": "░X░", "Y": "░Y░", "Z": "░Z░",
    "a": "░a░", "b": "░b░", "c": "░c░", "d": "░d░", "e": "░e░", "f": "░f░", "g": "░g░",
    "h": "░h░", "i": "░i░", "j": "░j░", "k": "░k░", "l": "░l░", "m": "░m░", "n": "░n░",
    "o": "░o░", "p": "░p░", "q": "░q░", "r": "░r░", "s": "░s░", "t": "░t░", "u": "░u░",
    "v": "░v░", "w": "░w░", "x": "░x░", "y": "░y░", "z": "░z░",
    "-": "-", " ": " "
  },
  {
    "styleName": "𝘈𝘉𝘊𝘟𝘠𝘡",
    "A": "𝘈", "B": "𝘉", "C": "𝘊", "D": "𝘋", "E": "𝘌", "F": "𝘍", "G": "𝘎",
    "H": "𝘏", "I": "𝘐", "J": "𝘑", "K": "𝘒", "L": "𝘓", "M": "𝘔", "N": "𝘕",
    "O": "𝘖", "P": "𝘗", "Q": "𝘘", "R": "𝘙", "S": "𝘚", "T": "𝘛", "U": "𝘜",
    "V": "𝘝", "W": "𝘞", "X": "𝘟", "Y": "𝘠", "Z": "𝘡",
    "a": "𝘢", "b": "𝘣", "c": "𝘤", "d": "𝘥", "e": "𝘦", "f": "𝘧", "g": "𝘨",
    "h": "𝘩", "i": "𝘪", "j": "𝘫", "k": "𝘬", "l": "𝘭", "m": "𝘮", "n": "𝘯",
    "o": "𝘰", "p": "𝘱", "q": "𝘲", "r": "𝘳", "s": "𝘴", "t": "𝘵", "u": "𝘶",
    "v": "𝘷", "w": "𝘸", "x": "𝘹", "y": "𝘺", "z": "𝘻",
    "-": "-", " ": " "
  },
  {
    "styleName": "ƸYXᙠA",
    "A": "Ƹ", "B": "Y", "C": "X", "D": "W", "E": "V", "F": "U", "G": "T",
    "H": "Ꙅ", "I": "Я", "J": "Ọ", "K": "ꟼ", "L": "O", "M": "Ͷ", "N": "M",
    "O": "⅃", "P": "⋊", "Q": "Ⴑ", "R": "I", "S": "H", "T": "Ꭾ", "U": "ꟻ",
    "V": "Ǝ", "W": "ᗡ", "X": "Ɔ", "Y": "ᙠ", "Z": "A",
    "a": "Ƹ", "b": "y", "c": "x", "d": "w", "e": "v", "f": "u", "g": "t",
    "h": "Ꙅ", "i": "я", "j": "ọ", "k": "ꟼ", "l": "o", "m": "Ͷ", "n": "m",
    "o": "⅃", "p": "⋊", "q": "Ⴑ", "r": "i", "s": "h", "t": "Ꭾ", "u": "ꟻ",
    "v": "Ǝ", "w": "ᗡ", "x": "Ɔ", "y": "ᙠ", "z": "a",
    "-": "-", " ": " "
  },
  {
    "styleName": "ƹʏxɔdɒ",
    "A": "ƹ", "B": "ʏ", "C": "x", "D": "w", "E": "v", "F": "u", "G": "ƚ",
    "H": "ꙅ", "I": "ɿ", "J": "p", "K": "q", "L": "o", "M": "ᴎ", "N": "m",
    "O": "|", "P": "ʞ", "Q": "ꞁ", "R": "i", "S": "ʜ", "T": "ǫ", "U": "Ꮈ",
    "V": "ɘ", "W": "b", "X": "ɔ", "Y": "d", "Z": "ɒ",
    "a": "ƹ", "b": "ʏ", "c": "x", "d": "w", "e": "v", "f": "u", "g": "ƚ",
    "h": "ꙅ", "i": "ɿ", "j": "p", "k": "q", "l": "o", "m": "ᴎ", "n": "m",
    "o": "|", "p": "ʞ", "q": "ꞁ", "r": "i", "s": "ʜ", "t": "ǫ", "u": "Ꮈ",
    "v": "ɘ", "w": "b", "x": "ɔ", "y": "d", "z": "ɒ",
    "-": "-", " ": " "
  },
  {
    "styleName": "🅰🅱",
    "A": "🅰", "B": "🅱", "C": "🅲", "D": "🅳", "E": "🅴", "F": "🅵", "G": "🅶",
    "H": "🅷", "I": "🅸", "J": "🅹", "K": "🅺", "L": "🅻", "M": "🅼", "N": "🅽",
    "O": "🅾", "P": "🅿", "Q": "🆀", "R": "🆁", "S": "🆂", "T": "🆃", "U": "🆄",
    "V": "🆅", "W": "🆆", "X": "🆇", "Y": "🆈", "Z": "🆉",
    "a": "🅰", "b": "🅱", "c": "🅲", "d": "🅳", "e": "🅴", "f": "🅵", "g": "🅶",
    "h": "🅷", "i": "🅸", "j": "🅹", "k": "🅺", "l": "🅻", "m": "🅼", "n": "🅽",
    "o": "🅾", "p": "🅿", "q": "🆀", "r": "🆁", "s": "🆂", "t": "🆃", "u": "🆄",
    "v": "🆅", "w": "🆆", "x": "🆇", "y": "🆈", "z": "🆉",
    "-": "-", " ": " "
  },
  {
    "styleName": "ₐBCₓYZ",
    "A": "ₐ", "B": "B", "C": "C", "D": "D", "E": "E", "F": "F", "G": "G",
    "H": "ₕ", "I": "ᵢ", "J": "ⱼ", "K": "ₖ", "L": "ₗ", "M": "ₘ", "N": "ₙ",
    "O": "ₒ", "P": "ₚ", "Q": "Q", "R": "ᵣ", "S": "ₛ", "T": "ₜ", "U": "ᵤ",
    "V": "ᵥ", "W": "W", "X": "ₓ", "Y": "Y", "Z": "Z",
    "a": "ₐ", "b": "b", "c": "c", "d": "d", "e": "ₑ", "f": "f", "g": "g",
    "h": "h", "i": "i", "j": "j", "k": "k", "l": "l", "m": "m", "n": "n",
    "o": "o", "p": "p", "q": "q", "r": "r", "s": "s", "t": "t", "u": "u",
    "v": "v", "w": "w", "x": "x", "y": "y", "z": "z",
    "-": "-", " ": " "
  },
  {
    "styleName": "ₐbcₓyz",
    "A": "ₐ", "B": "b", "C": "c", "D": "d", "E": "e", "F": "f", "G": "g",
    "H": "h", "I": "i", "J": "j", "K": "k", "L": "l", "M": "m", "N": "n",
    "O": "o", "P": "p", "Q": "q", "R": "r", "S": "s", "T": "t", "U": "u",
    "V": "v", "W": "w", "X": "x", "Y": "y", "Z": "z",
    "-": "-", " ": " "
  },
  {
    "styleName": "ᴬᴮʸᶻ",
    "A": "ᴬ", "B": "ᴮ", "C": "ᶜ", "D": "ᴰ", "E": "ᴱ", "F": "ᶠ", "G": "ᴳ",
    "H": "ᴴ", "I": "ᴵ", "J": "ᴶ", "K": "ᴷ", "L": "ᴸ", "M": "ᴹ", "N": "ᴺ",
    "O": "ᴼ", "P": "ᴾ", "Q": "Q", "R": "ᴿ", "S": "ˢ", "T": "ᵀ", "U": "ᵁ",
    "V": "ᵂ", "W": "ᵂ", "X": "ˣ", "Y": "ʸ", "Z": "ᶻ",
    "a": "ᴬ", "b": "ᴮ", "c": "ᶜ", "d": "ᴰ", "e": "ᴱ", "f": "ᶠ", "g": "ᴳ",
    "h": "ᴴ", "i": "ᴵ", "j": "ᴶ", "k": "ᴷ", "l": "ᴸ", "m": "ᴹ", "n": "ᴺ",
    "o": "ᴼ", "p": "ᴾ", "q": "q", "r": "ᴿ", "s": "ˢ", "t": "ᵀ", "u": "ᵁ",
    "v": "ᵂ", "w": "ᵂ", "x": "ˣ", "y": "ʸ", "z": "ᶻ",
    "-": "-", " ": " "
  },
  {
    "styleName": "ᵃᵇᶜʸᶻ",
    "A": "ᵃ", "B": "ᵇ", "C": "ᶜ", "D": "ᵈ", "E": "ᵉ", "F": "ᶠ", "G": "ᵍ",
    "H": "ʰ", "I": "ⁱ", "J": "ʲ", "K": "ᵏ", "L": "ˡ", "M": "ᵐ", "N": "ⁿ",
    "O": "ᵒ", "P": "ᵖ", "Q": "q", "R": "ʳ", "S": "ˢ", "T": "ᵗ", "U": "ᵘ",
    "V": "ᵛ", "W": "ʷ", "X": "ˣ", "Y": "ʸ", "Z": "ᶻ",
    "-": "-", " ": " "
  },
  {
    "styleName": "ᗩᗷᑕᗪᗯ᙭Yᘔ",
    "A": "ᗩ", "B": "ᗷ", "C": "ᑕ", "D": "ᗪ", "E": "E", "F": "ᖴ", "G": "G",
    "H": "ᕼ", "I": "I", "J": "ᒍ", "K": "K", "L": "ᒪ", "M": "ᗰ", "N": "ᑎ",
    "O": "O", "P": "ᑭ", "Q": "ᑫ", "R": "ᖇ", "S": "ᔕ", "T": "T", "U": "ᑌ",
    "V": "ᐯ", "W": "ᗯ", "X": "᙭", "Y": "Y", "Z": "ᘔ",
    "a": "ᗩ", "b": "ᗷ", "c": "ᑕ", "d": "ᗪ", "e": "E", "f": "ᖴ", "g": "G",
    "h": "ᕼ", "i": "I", "j": "ᒍ", "k": "K", "l": "ᒪ", "m": "ᗰ", "n": "ᑎ",
    "o": "O", "p": "ᑭ", "q": "ᑫ", "r": "ᖇ", "s": "ᔕ", "t": "T", "u": "ᑌ",
    "v": "ᐯ", "w": "ᗯ", "x": "᙭", "y": "Y", "z": "ᘔ",
    "-": "-", " ": " "
  },
  {
    "styleName": "ᗩᗷᑢᕲᘺ᙭ᖻᗱ",
    "A": "ᗩ", "B": "ᗷ", "C": "ᑢ", "D": "ᕲ", "E": "E", "F": "ᖴ", "G": "ᘜ",
    "H": "ᕼ", "I": "ᓰ", "J": "ᒚ", "K": "ᖽ", "L": "ᐸ", "M": "ᒪ", "N": "ᘻ",
    "O": "ᘉ", "P": "ᓍ", "Q": "ᕵ", "R": "ᕴ", "S": "S", "T": "ᖶ", "U": "ᑘ",
    "V": "ᐺ", "W": "ᘺ", "X": "᙭", "Y": "ᖻ", "Z": "ᗱ",
    "a": "ᗩ", "b": "ᗷ", "c": "ᑢ", "d": "ᕲ", "e": "E", "f": "ᖴ", "g": "ᘜ",
    "h": "ᕼ", "i": "ᓰ", "j": "ᒚ", "k": "ᖽ", "l": "ᐸ", "m": "ᒪ", "n": "ᘻ",
    "o": "ᘉ", "p": "ᓍ", "q": "ᕵ", "r": "ᕴ", "s": "S", "t": "ᖶ", "u": "ᑘ",
    "v": "ᐺ", "w": "ᘺ", "x": "᙭", "y": "ᖻ", "z": "ᗱ",
    "-": "-", " ": " "
  },
  {
    "styleName": "A̶B̶C̶X̶Y̶Z̶",
    "A": "A̶", "B": "B̶", "C": "C̶", "D": "D̶", "E": "E̶", "F": "F̶", "G": "G̶",
    "H": "H̶", "I": "I̶", "J": "J̶", "K": "K̶", "L": "L̶", "M": "M̶", "N": "N̶",
    "O": "O̶", "P": "P̶", "Q": "Q̶", "R": "R̶", "S": "S̶", "T": "T̶", "U": "U̶",
    "V": "V̶", "W": "W̶", "X": "X̶", "Y": "Y̶", "Z": "Z̶",
    "a": "a̶", "b": "b̶", "c": "c̶", "d": "d̶", "e": "e̶", "f": "f̶", "g": "g̶",
    "h": "h̶", "i": "i̶", "j": "j̶", "k": "k̶", "l": "l̶", "m": "m̶", "n": "n̶",
    "o": "o̶", "p": "p̶", "q": "q̶", "r": "r̶", "s": "s̶", "t": "t̶", "u": "u̶",
    "v": "v̶", "w": "w̶", "x": "x̶", "y": "y̶", "z": "z̶",
    "-": "-", " ": " "
  },
  {
    "styleName": "ᗩᗷᑕ᙭Yᘔ",
    "A": "ᗩ", "B": "ᗷ", "C": "ᑕ", "D": "ᗪ", "E": "E", "F": "ᖴ", "G": "G",
    "H": "ᕼ", "I": "I", "J": "ᒍ", "K": "K", "L": "ᒪ", "M": "ᗰ", "N": "ᑎ",
    "O": "O", "P": "ᑭ", "Q": "ᑫ", "R": "ᖇ", "S": "ᔕ", "T": "T", "U": "ᑌ",
    "V": "ᐯ", "W": "ᗯ", "X": "᙭", "Y": "Y", "Z": "ᘔ",
    "a": "ᗩ", "b": "ᗷ", "c": "ᑕ", "d": "ᗪ", "e": "E", "f": "ᖴ", "g": "G",
    "h": "ᕼ", "i": "I", "j": "ᒍ", "k": "K", "l": "ᒪ", "m": "ᗰ", "n": "ᑎ",
    "o": "O", "p": "ᑭ", "q": "ᑫ", "r": "ᖇ", "s": "ᔕ", "t": "T", "u": "ᑌ",
    "v": "ᐯ", "w": "ᗯ", "x": "᙭", "y": "Y", "z": "ᘔ",
    "-": "-", " ": " "
  },
  {
    "styleName": "Ａ乃ｃ𝓧ү𝐳",
    "A": "Ａ", "B": "乃", "C": "ｃ", "D": "ｄ", "E": "Ｅ", "F": "ƒ", "G": "ｇ",
    "H": "ｈ", "I": "เ", "J": "ᒎ", "K": "Ｋ", "L": "ｌ", "M": "м", "N": "ή",
    "O": "Ø", "P": "ρ", "Q": "𝓠", "R": "Ｒ", "S": "ş", "T": "ｔ", "U": "Ｕ",
    "V": "ｖ", "W": "ｗ", "X": "𝓧", "Y": "ү", "Z": "ｚ",
    "a": "ａ", "b": "乃", "c": "ｃ", "d": "ｄ", "e": "ｅ", "f": "ƒ", "g": "ｇ",
    "h": "ｈ", "i": "เ", "j": "ᒎ", "k": "ｋ", "l": "ｌ", "m": "м", "n": "ή",
    "o": "Ø", "p": "ρ", "q": "𝓠", "r": "Ｒ", "s": "ş", "t": "ｔ", "u": "ｕ",
    "v": "ｖ", "w": "ｗ", "x": "𝓧", "y": "ү", "z": "ｚ",
    "-": "-", " ": " "
  },
  {
    "styleName": "♕ൠᗩ๒Ⓒ",
    "A": "ᗩ", "B": "๒", "C": "Ⓒ", "D": "Ꮷ", "E": "ε", "F": "ℱ", "G": "G",
    "H": "Н", "I": "ΐ", "J": "Ј", "K": "к", "L": "l", "M": "м", "N": "п",
    "O": "Ø", "P": "Р", "Q": "q", "R": "г", "S": "s", "T": "т", "U": "υ",
    "V": "v", "W": "山", "X": "Ж", "Y": "у", "Z": "z",
    "a": "ᗩ", "b": "๒", "c": "Ⓒ", "d": "Ꮷ", "e": "ε", "f": "ℱ", "g": "G",
    "h": "Н", "i": "ΐ", "j": "Ј", "k": "к", "l": "l", "m": "м", "n": "п",
    "o": "Ø", "p": "Р", "q": "q", "r": "г", "s": "s", "t": "т", "u": "υ",
    "v": "v", "w": "山", "x": "Ж", "y": "у", "z": "z",
    "-": "-", " ": " "
  },
  {
    "styleName": "ⒶⒷⒸⓍⓎⓏ",
    "A": "Ⓐ", "B": "Ⓑ", "C": "Ⓒ", "D": "Ⓓ", "E": "Ⓔ", "F": "Ⓕ", "G": "Ⓖ",
    "H": "Ⓗ", "I": "Ⓘ", "J": "Ⓙ", "K": "Ⓚ", "L": "Ⓛ", "M": "Ⓜ", "N": "Ⓝ",
    "O": "Ⓞ", "P": "Ⓟ", "Q": "Ⓠ", "R": "Ⓡ", "S": "Ⓢ", "T": "Ⓣ", "U": "Ⓤ",
    "V": "Ⓥ", "W": "Ⓦ", "X": "Ⓧ", "Y": "Ⓨ", "Z": "Ⓩ",
    "a": "ⓐ", "b": "ⓑ", "c": "ⓒ", "d": "ⓓ", "e": "ⓔ", "f": "ⓕ", "g": "ⓖ",
    "h": "ⓗ", "i": "ⓘ", "j": "ⓙ", "k": "ⓚ", "l": "ⓛ", "m": "ⓜ", "n": "ⓝ",
    "o": "ⓞ", "p": "ⓟ", "q": "ⓠ", "r": "ⓡ", "s": "ⓢ", "t": "ⓣ", "u": "ⓤ",
    "v": "ⓥ", "w": "ⓦ", "x": "ⓧ", "y": "ⓨ", "z": "ⓩ",
    "-": "-", " ": " "
  },
  {
    "styleName": "ⓐⓑⓒⓧⓨⓩ",
    "A": "ⓐ", "B": "ⓑ", "C": "ⓒ", "D": "ⓓ", "E": "ⓔ", "F": "ⓕ", "G": "ⓖ",
    "H": "ⓗ", "I": "ⓘ", "J": "ⓙ", "K": "ⓚ", "L": "ⓛ", "M": "ⓜ", "N": "ⓝ",
    "O": "ⓞ", "P": "ⓟ", "Q": "ⓠ", "R": "ⓡ", "S": "ⓢ", "T": "ⓣ", "U": "ⓤ",
    "V": "ⓥ", "W": "ⓦ", "X": "ⓧ", "Y": "ⓨ", "Z": "ⓩ",
    "a": "ⓐ", "b": "ⓑ", "c": "ⓒ", "d": "ⓓ", "e": "ⓔ", "f": "ⓕ", "g": "ⓖ",
    "h": "ⓗ", "i": "ⓘ", "j": "ⓙ", "k": "ⓚ", "l": "ⓛ", "m": "ⓜ", "n": "ⓝ",
    "o": "ⓞ", "p": "ⓟ", "q": "ⓠ", "r": "ⓡ", "s": "ⓢ", "t": "ⓣ", "u": "ⓤ",
    "v": "ⓥ", "w": "ⓦ", "x": "ⓧ", "y": "ⓨ", "z": "ⓩ",
    "-": "-", " ": " "
  }
  ]
}
